pair,strategy,volume,allocation
BTC/EUR,buy,0.031889114321305576,3000.0
PEPEUSDT/EUR,buy,79500283.92958547,1400.0
BTTCUSDT/EUR,buy,1238938053.097345,1400.0
SHIBUSDT/EUR,buy,66539923.95437263,1400.0
BONKUSDT/EUR,buy,49857549.85754986,1400.0
PEPEFDUSD/EUR,buy,79410096.42654566,1400.0
